month,dayOfWeekName,sessionManualMedium,sessionCampaignName,sessionManualSource,sessionManualTerm,sessionManualAdContent,averageSessionDuration,activeUsers,bounceRate,Sessions,totalUsers,engagementRate,day
10,Monday,(not set),(direct),(not set),(not set),(not set),1655.8094416666665,2.0,0.0,3.0,2.0,1.0,21
10,Monday,video_affiliate,SpringSale2024,social,(not set),YouTube,69.3346545,2.0,0.0,2.0,2.0,1.0,21
10,Tuesday,ILzJAR_yGaC_gaFYwEhbn,fNOlrFrNCg2191,aDqCFY,6,rXipHbqZg,1.342701,1.0,1.0,1.0,1.0,0.0,22
10,Tuesday,(not set),(direct),(not set),(not set),(not set),3929.2694845,1.0,0.5,2.0,2.0,0.5,22
10,Tuesday,video_affiliate,SpringSale2024,social,2,YouTube,66.83634733333334,6.0,0.3333333333333333,6.0,6.0,0.6666666666666666,22
10,Tuesday,social_post_affiliate,SpringSale2024,social,2,Instagram,195.90289807142858,9.0,0.5,14.0,9.0,0.5,22
10,Wednesday,video_affiliate,SpringSale2024,social,2,YouTube,7.932290999999999,2.0,0.5,2.0,2.0,0.5,23
10,Wednesday,social_post_affiliate,SpringSale2024,social,2,Instagram,85.302404875,4.0,0.5,8.0,4.0,0.5,23
10,Thursday,video_affiliate,SpringSale2024,social,2,YouTube,12.02576775,1.0,0.75,4.0,4.0,0.25,24
10,Friday,video_affiliate,SpringSale2024,social,2,YouTube,5.074285,0.0,1.0,1.0,1.0,0.0,25
10,Saturday,video_affiliate,SpringSale2024,social,2,YouTube,3.562552333333333,1.0,1.0,3.0,1.0,0.0,26
10,Tuesday,video_affiliate,SpringSale2024,social,2,YouTube,4.919108,1.0,1.0,1.0,1.0,0.0,29
11,Friday,video_affiliate,SpringSale2024,social,2,YouTube,5.0182455,1.0,1.0,2.0,1.0,0.0,8
11,Saturday,video_affiliate,SpringSale2024,social,2,YouTube,5.592388,0.0,1.0,1.0,1.0,0.0,16
11,Wednesday,video_affiliate,SpringSale2024,social,2,YouTube,5.755531,0.0,1.0,1.0,1.0,0.0,20
11,Saturday,video_affiliate,SpringSale2024,social,2,YouTube,4.908995,1.0,1.0,1.0,1.0,0.0,23
11,Monday,social_post_affiliate,campaign1,social,1,instagram,310.67844149999996,1.0,0.5,2.0,1.0,0.5,25
11,Monday,social_post_affiliate,campaign1,social,2,youtube,14.475218,1.0,0.0,1.0,1.0,1.0,25
11,Monday,video_affiliate,SpringSale2024,social,2,YouTube,5.592401,1.0,1.0,1.0,1.0,0.0,25
11,Monday,ILzJAR_yGaC_gaFYwEhbn,fNOlrFrN6,aDqCFY,6,rXipHbq,1.029507,2.0,1.0,2.0,2.0,0.0,25
11,Monday,social_post_affiliate,campaign1,social,1,youtube,35.97124725,4.0,0.5,4.0,4.0,0.5,25
11,Monday,social_post_affiliate,campaign1,social,2,instagram,5.7290434,5.0,0.8,5.0,5.0,0.2,25
11,Tuesday,social_post_affiliate,campaign1,social,2,youtube,4.94088,1.0,1.0,1.0,1.0,0.0,26
11,Tuesday,social_post_affiliate,campaign1,social,2,instagram,1.035751,1.0,1.0,1.0,1.0,0.0,26
11,Tuesday,social_post_affiliate,campaign1,social,1,instagram,5.3218815,1.0,1.0,2.0,2.0,0.0,26
11,Friday,video_affiliate,SpringSale2024,social,2,YouTube,5.073183,1.0,1.0,1.0,1.0,0.0,29
